{
  "_note": "双模型共同推断回测：主力(多因子) vs xG第二验证(单独) vs 综合(0.6A+0.4B)。5大联赛多赛季真实B365赔率。⚠俱乐部无xG攻防，xG模型泊松λ用Elo驱动（保守低估真实att/def增益）。",
  "builtAt": "2026-06-13T05:47:54.849Z",
  "results": [
    {
      "id": "英超 21-22",
      "n": 380,
      "weighted": {
        "n": 380,
        "acc": 0.5368421052631579,
        "favAcc": 0.5473684210526316,
        "brier": 0.5722529966756542,
        "logloss": 0.9664905779340925,
        "flat": {
          "bets": 380,
          "winRate": 0.5368421052631579,
          "roi": -0.06523684210526313
        },
        "value": {
          "bets": 220,
          "winRate": 0.42272727272727273,
          "roi": -0.10349999999999998
        }
      },
      "xg": {
        "n": 380,
        "acc": 0.5342105263157895,
        "favAcc": 0.5473684210526316,
        "brier": 0.5732638587348409,
        "logloss": 0.9655125292432305,
        "flat": {
          "bets": 380,
          "winRate": 0.5342105263157895,
          "roi": -0.07423684210526316
        },
        "value": {
          "bets": 181,
          "winRate": 0.425414364640884,
          "roi": -0.13430939226519337
        }
      },
      "dual": {
        "n": 380,
        "acc": 0.5342105263157895,
        "favAcc": 0.5473684210526316,
        "brier": 0.5713925493964686,
        "logloss": 0.9638743492209004,
        "flat": {
          "bets": 380,
          "winRate": 0.5342105263157895,
          "roi": -0.07397368421052632
        },
        "value": {
          "bets": 198,
          "winRate": 0.41414141414141414,
          "roi": -0.12282828282828277
        }
      }
    },
    {
      "id": "英超 22-23",
      "n": 380,
      "weighted": {
        "n": 380,
        "acc": 0.5368421052631579,
        "favAcc": 0.5342105263157895,
        "brier": 0.5745489504041917,
        "logloss": 0.9700103816584488,
        "flat": {
          "bets": 380,
          "winRate": 0.5368421052631579,
          "roi": -0.028421052631578965
        },
        "value": {
          "bets": 224,
          "winRate": 0.4955357142857143,
          "roi": 0.03879464285714284
        }
      },
      "xg": {
        "n": 380,
        "acc": 0.5421052631578948,
        "favAcc": 0.5342105263157895,
        "brier": 0.5813610173326321,
        "logloss": 0.9767361054786355,
        "flat": {
          "bets": 380,
          "winRate": 0.5421052631578948,
          "roi": -0.021394736842105296
        },
        "value": {
          "bets": 197,
          "winRate": 0.49238578680203043,
          "roi": -0.005025380710659899
        }
      },
      "dual": {
        "n": 380,
        "acc": 0.5368421052631579,
        "favAcc": 0.5342105263157895,
        "brier": 0.5764681621396874,
        "logloss": 0.9708010087104954,
        "flat": {
          "bets": 380,
          "winRate": 0.5368421052631579,
          "roi": -0.03381578947368423
        },
        "value": {
          "bets": 210,
          "winRate": 0.4857142857142857,
          "roi": 0.010476190476190464
        }
      }
    },
    {
      "id": "英超 23-24",
      "n": 380,
      "weighted": {
        "n": 380,
        "acc": 0.5842105263157895,
        "favAcc": 0.5631578947368421,
        "brier": 0.5505140068258316,
        "logloss": 0.9364452950040202,
        "flat": {
          "bets": 380,
          "winRate": 0.5842105263157895,
          "roi": 0.013789473684210527
        },
        "value": {
          "bets": 209,
          "winRate": 0.45454545454545453,
          "roi": -0.027320574162679405
        }
      },
      "xg": {
        "n": 380,
        "acc": 0.5710526315789474,
        "favAcc": 0.5631578947368421,
        "brier": 0.5508606569335772,
        "logloss": 0.9328882586859487,
        "flat": {
          "bets": 380,
          "winRate": 0.5710526315789474,
          "roi": -0.01944736842105263
        },
        "value": {
          "bets": 164,
          "winRate": 0.4451219512195122,
          "roi": -0.10420731707317075
        }
      },
      "dual": {
        "n": 380,
        "acc": 0.5710526315789474,
        "favAcc": 0.5631578947368421,
        "brier": 0.5486585302459427,
        "logloss": 0.9316958427793856,
        "flat": {
          "bets": 380,
          "winRate": 0.5710526315789474,
          "roi": -0.018578947368421073
        },
        "value": {
          "bets": 178,
          "winRate": 0.4550561797752809,
          "roi": -0.030561797752808997
        }
      }
    },
    {
      "id": "英超 24-25",
      "n": 380,
      "weighted": {
        "n": 380,
        "acc": 0.5236842105263158,
        "favAcc": 0.5368421052631579,
        "brier": 0.5985221094533503,
        "logloss": 1.0032790489324754,
        "flat": {
          "bets": 380,
          "winRate": 0.5236842105263158,
          "roi": -0.07165789473684211
        },
        "value": {
          "bets": 220,
          "winRate": 0.4318181818181818,
          "roi": -0.09300000000000001
        }
      },
      "xg": {
        "n": 380,
        "acc": 0.5210526315789473,
        "favAcc": 0.5368421052631579,
        "brier": 0.5969198936584795,
        "logloss": 0.9972580084816415,
        "flat": {
          "bets": 380,
          "winRate": 0.5210526315789473,
          "roi": -0.07165789473684213
        },
        "value": {
          "bets": 202,
          "winRate": 0.4504950495049505,
          "roi": -0.10321782178217824
        }
      },
      "dual": {
        "n": 380,
        "acc": 0.5236842105263158,
        "favAcc": 0.5368421052631579,
        "brier": 0.5956969179767635,
        "logloss": 0.9970798738457135,
        "flat": {
          "bets": 380,
          "winRate": 0.5236842105263158,
          "roi": -0.07534210526315792
        },
        "value": {
          "bets": 205,
          "winRate": 0.43414634146341463,
          "roi": -0.1249268292682927
        }
      }
    },
    {
      "id": "西甲 23-24",
      "n": 342,
      "weighted": {
        "n": 342,
        "acc": 0.5058479532163743,
        "favAcc": 0.5263157894736842,
        "brier": 0.5874217893399728,
        "logloss": 0.9883489857303345,
        "flat": {
          "bets": 342,
          "winRate": 0.5058479532163743,
          "roi": -0.07546783625730993
        },
        "value": {
          "bets": 239,
          "winRate": 0.4225941422594142,
          "roi": -0.13117154811715484
        }
      },
      "xg": {
        "n": 342,
        "acc": 0.5233918128654971,
        "favAcc": 0.5263157894736842,
        "brier": 0.5755742259736168,
        "logloss": 0.9677060160679379,
        "flat": {
          "bets": 342,
          "winRate": 0.5233918128654971,
          "roi": -0.039766081871345046
        },
        "value": {
          "bets": 225,
          "winRate": 0.5022222222222222,
          "roi": -0.04813333333333333
        }
      },
      "dual": {
        "n": 342,
        "acc": 0.5175438596491229,
        "favAcc": 0.5263157894736842,
        "brier": 0.5793241228683598,
        "logloss": 0.975527337702773,
        "flat": {
          "bets": 342,
          "winRate": 0.5175438596491229,
          "roi": -0.055350877192982456
        },
        "value": {
          "bets": 229,
          "winRate": 0.4759825327510917,
          "roi": -0.0706986899563319
        }
      }
    },
    {
      "id": "西甲 24-25",
      "n": 342,
      "weighted": {
        "n": 342,
        "acc": 0.5350877192982456,
        "favAcc": 0.5058479532163743,
        "brier": 0.5786104585561773,
        "logloss": 0.974872420218161,
        "flat": {
          "bets": 342,
          "winRate": 0.5350877192982456,
          "roi": -0.0162280701754386
        },
        "value": {
          "bets": 226,
          "winRate": 0.42035398230088494,
          "roi": -0.08371681415929202
        }
      },
      "xg": {
        "n": 342,
        "acc": 0.5350877192982456,
        "favAcc": 0.5058479532163743,
        "brier": 0.5809069002281986,
        "logloss": 0.9779145576612218,
        "flat": {
          "bets": 342,