{
  "_note": "多赛事双模型回测：加权模型(第一篇) vs 集成模型(第二篇)。足球真实B365赔率→真实ROI；NBA自算Elo→盈亏平衡。",
  "builtAt": "2026-06-12T07:12:39.149Z",
  "results": [
    {
      "id": "英超 21-22",
      "sport": "足球",
      "n": 380,
      "weighted": {
        "n": 380,
        "acc": 0.5368421052631579,
        "favAcc": 0.5473684210526316,
        "brier": 0.5722529966756542,
        "logloss": 0.9664905779340925,
        "flat": {
          "bets": 380,
          "winRate": 0.5368421052631579,
          "roi": -0.06523684210526313
        },
        "value": {
          "bets": 220,
          "winRate": 0.42272727272727273,
          "roi": -0.10349999999999998
        }
      },
      "ensemble": {
        "n": 380,
        "acc": 0.5736842105263158,
        "favAcc": 0.5473684210526316,
        "brier": 0.5587132897629303,
        "logloss": 0.9466169573430478,
        "flat": {
          "bets": 380,
          "winRate": 0.5736842105263158,
          "roi": 0.005894736842105285
        },
        "value": {
          "bets": 177,
          "winRate": 0.5084745762711864,
          "roi": 0.025141242937853112
        }
      }
    },
    {
      "id": "英超 22-23",
      "sport": "足球",
      "n": 380,
      "weighted": {
        "n": 380,
        "acc": 0.5368421052631579,
        "favAcc": 0.5342105263157895,
        "brier": 0.5745489504041917,
        "logloss": 0.9700103816584488,
        "flat": {
          "bets": 380,
          "winRate": 0.5368421052631579,
          "roi": -0.028421052631578965
        },
        "value": {
          "bets": 224,
          "winRate": 0.4955357142857143,
          "roi": 0.03879464285714284
        }
      },
      "ensemble": {
        "n": 380,
        "acc": 0.5552631578947368,
        "favAcc": 0.5342105263157895,
        "brier": 0.5762490732710371,
        "logloss": 0.9712458502768103,
        "flat": {
          "bets": 380,
          "winRate": 0.5552631578947368,
          "roi": -0.008131578947368419
        },
        "value": {
          "bets": 221,
          "winRate": 0.502262443438914,
          "roi": -0.0016742081447963786
        }
      }
    },
    {
      "id": "英超 23-24",
      "sport": "足球",
      "n": 380,
      "weighted": {
        "n": 380,
        "acc": 0.5842105263157895,
        "favAcc": 0.5631578947368421,
        "brier": 0.5505140068258316,
        "logloss": 0.9364452950040202,
        "flat": {
          "bets": 380,
          "winRate": 0.5842105263157895,
          "roi": 0.013789473684210527
        },
        "value": {
          "bets": 209,
          "winRate": 0.45454545454545453,
          "roi": -0.027320574162679405
        }
      },
      "ensemble": {
        "n": 380,
        "acc": 0.5842105263157895,
        "favAcc": 0.5631578947368421,
        "brier": 0.5376178227705123,
        "logloss": 0.9171683111859193,
        "flat": {
          "bets": 380,
          "winRate": 0.5842105263157895,
          "roi": -0.012342105263157915
        },
        "value": {
          "bets": 174,
          "winRate": 0.4885057471264368,
          "roi": -0.07057471264367816
        }
      }
    },
    {
      "id": "英超 24-25",
      "sport": "足球",
      "n": 380,
      "weighted": {
        "n": 380,
        "acc": 0.5236842105263158,
        "favAcc": 0.5368421052631579,
        "brier": 0.5985221094533503,
        "logloss": 1.0032790489324754,
        "flat": {
          "bets": 380,
          "winRate": 0.5236842105263158,
          "roi": -0.07165789473684211
        },
        "value": {
          "bets": 220,
          "winRate": 0.4318181818181818,
          "roi": -0.09300000000000001
        }
      },
      "ensemble": {
        "n": 380,
        "acc": 0.5289473684210526,
        "favAcc": 0.5368421052631579,
        "brier": 0.5842663086386404,
        "logloss": 0.9817882614620758,
        "flat": {
          "bets": 380,
          "winRate": 0.5289473684210526,
          "roi": -0.08031578947368426
        },
        "value": {
          "bets": 222,
          "winRate": 0.4594594594594595,
          "roi": -0.1485585585585585
        }
      }
    },
    {
      "id": "西甲 23-24",
      "sport": "足球",
      "n": 342,
      "weighted": {
        "n": 342,
        "acc": 0.5058479532163743,
        "favAcc": 0.5263157894736842,
        "brier": 0.5874217893399728,
        "logloss": 0.9883489857303345,
        "flat": {
          "bets": 342,
          "winRate": 0.5058479532163743,
          "roi": -0.07546783625730993
        },
        "value": {
          "bets": 239,
          "winRate": 0.4225941422594142,
          "roi": -0.13117154811715484
        }
      },
      "ensemble": {
        "n": 342,
        "acc": 0.543859649122807,
        "favAcc": 0.5263157894736842,
        "brier": 0.5707796774217292,
        "logloss": 0.9641978347292132,
        "flat": {
          "bets": 342,
          "winRate": 0.543859649122807,
          "roi": 0.003742690058479531
        },
        "value": {
          "bets": 244,
          "winRate": 0.5204918032786885,
          "roi": -0.020327868852459022
        }
      }
    },
    {
      "id": "西甲 24-25",
      "sport": "足球",
      "n": 342,
      "weighted": {
        "n": 342,
        "acc": 0.5350877192982456,
        "favAcc": 0.5058479532163743,
        "brier": 0.5786104585561773,
        "logloss": 0.974872420218161,
        "flat": {
          "bets": 342,
          "winRate": 0.5350877192982456,
          "roi": -0.0162280701754386
        },
        "value": {
          "bets": 226,
          "winRate": 0.42035398230088494,
          "roi": -0.08371681415929202
        }
      },
      "ensemble": {
        "n": 342,
        "acc": 0.5467836257309941,
        "favAcc": 0.5058479532163743,
        "brier": 0.5689320507255576,
        "logloss": 0.9619572301621792,
        "flat": {
          "bets": 342,
          "winRate": 0.5467836257309941,
          "roi": -0.017076023391812876
        },
        "value": {
          "bets": 224,
          "winRate": 0.47767857142857145,
          "roi": -0.08464285714285716
        }
      }
    },
    {
      "id": "德甲 23-24",
      "sport": "足球",
      "n": 272,
      "weighted": {
        "n": 272,
        "acc": 0.5404411764705882,
        "favAcc": 0.5073529411764706,
        "brier": 0.5733725814764798,
        "logloss": 0.9686968494910313,
        "flat": {
          "bets": 272,
          "winRate": 0.5404411764705882,
          "roi": -0.058602941176470594
        },
        "value": {
          "bets": 165,
          "winRate": 0.4121212121212121,
          "roi": -0.12496969696969694
        }
      },
      "ensemble": {
        "n": 272,
        "acc": 0.5404411764705882,
        "favAcc": 0.5073529411764706,
        "brier": 0.5652402550843519,
        "logloss": 0.957813878212775,
        "flat": {
          "bets": 272,
          "winRate": 0.5404411764705882,
          "roi": -0.08113970588235296
        },
        "value": {
          "bets": 135,
          "winRate": 0.4074074074074074,
          "roi": -0.23962962962962953
        }
      }
    },
    {
      "id": "德甲 24-25",
      "sport": "足球",
      "n": 272,
      "weighted": {
        "n": 272,
        "acc": 0.45588235294117646,
        "favAcc": 0.4889705882352941,
        "brier": 0.6192979038709386,
        "logloss": 1.0327983412056563,
        "flat": {
          "bets": 272,
          "winRate": 0.45588235294117646,
          "roi": -0.19643382352941186
        },
        "value": {
          "bets": 185,
          "winRate": 0.35135135135135137,
          "roi": -0.2724324324324324
        }
      },
      "ensemble": {
        "n": 272,
        "acc": 0.4889705882352941,
        "favAcc": 0.4889705882352941,
        "brier": 0.6011329168847754,
        "logloss": 1.0066707685721814,
        "flat": {
          "bets": 272,
          "winRate": 0.4889705882352941,
          "roi": -0.13183823529411764
        },
        "value": {
          "bets": 180,
          "winRate": 0.43333333333333335,