{
  "_note": "英超 2024-25 双模型回测，真实 B365 赔率结算 ROI。",
  "meta": {
    "competition": "英超 Premier League",
    "season": "2024-25",
    "matches": 380,
    "hasOdds": true
  },
  "weighted": {
    "n": 380,
    "acc": 0.5236842105263158,
    "favAcc": 0.5368421052631579,
    "brier": 0.5985221094533503,
    "logloss": 1.0032790489324754,
    "flat": {
      "bets": 380,
      "winRate": 0.5236842105263158,
      "roi": -0.07165789473684211
    },
    "value": {
      "bets": 220,
      "winRate": 0.4318181818181818,
      "roi": -0.09300000000000001
    }
  },
  "ensemble": {
    "n": 380,
    "acc": 0.5289473684210526,
    "favAcc": 0.5368421052631579,
    "brier": 0.5842663086386404,
    "logloss": 0.9817882614620758,
    "flat": {
      "bets": 380,
      "winRate": 0.5289473684210526,
      "roi": -0.08031578947368426
    },
    "value": {
      "bets": 222,
      "winRate": 0.4594594594594595,
      "roi": -0.1485585585585585
    }
  }
}