{
  "_note": "欧冠 2024-25 双模型回测（无免费赔率→盈亏平衡）。",
  "meta": {
    "competition": "UEFA Champions League",
    "season": "2024-25",
    "matches": 173,
    "hasOdds": false
  },
  "weighted": {
    "n": 173,
    "acc": 0.5028901734104047,
    "favAcc": 0.5606936416184971,
    "brier": 0.6054127049478849,
    "logloss": 1.000697389378932,
    "breakeven": 1.9885057471264367
  },
  "ensemble": {
    "n": 173,
    "acc": 0.5780346820809249,
    "favAcc": 0.5606936416184971,
    "brier": 0.5308270518688916,
    "logloss": 0.9015975843555264,
    "breakeven": 1.73
  }
}