{
  "_note": "xG-v2：team-xg.json 起点 + 已完赛 shot-based xG（0.30·射正+0.05·射偏）EWMA(K=0.2) 滚动更新 att/def。仅参赛且有射门数据的队变动；其余沿用基础值。",
  "_source": "ESPN 射门统计（data/wc-results.json stats）",
  "builtAt": "2026-06-24T03:16:54.035Z",
  "applied": 47,
  "skipped": 0,
  "teams": {
    "Spain": {
      "att": 2.5970266274703055,
      "def": 0.5545101103455252
    },
    "Argentina": {
      "att": 2.6,
      "def": 0.4600004407383249
    },
    "France": {
      "att": 2.6,
      "def": 0.6034141210132121
    },
    "Brazil": {
      "att": 2.4651026057651806,
      "def": 0.7781432194082998
    },
    "England": {
      "att": 2.4546767303308368,
      "def": 0.5713619048370179
    },
    "Portugal": {
      "att": 2.5576341966223874,
      "def": 0.7806670655247308
    },
    "Netherlands": {
      "att": 2.6,
      "def": 0.9845523219814242
    },
    "Germany": {
      "att": 2.6,
      "def": 0.7425438538183936
    },
    "Belgium": {
      "att": 2.4965418312173613,
      "def": 0.9438162367603927
    },
    "Croatia": {
      "att": 2.2576103980503657,
      "def": 0.988251487875406
    },
    "Uruguay": {
      "att": 1.9556544602161743,
      "def": 0.9870760397346684
    },
    "Colombia": {
      "att": 2.377555555555556,
      "def": 0.7716363636363638
    },
    "Morocco": {
      "att": 1.9859384012685384,
      "def": 0.563466893043397
    },
    "Switzerland": {
      "att": 2.3201195408806186,
      "def": 0.9437260445010992
    },
    "Japan": {
      "att": 2.135373546671557,
      "def": 0.5654894531006839
    },
    "Senegal": {
      "att": 2.116522460658083,
      "def": 0.9729924602872997
    },
    "Turkey": {
      "att": 2.6,
      "def": 0.8889501909243083
    },
    "Sweden": {
      "att": 2.6,
      "def": 1.083998675496689
    },
    "Norway": {
      "att": 2.585254210590089,
      "def": 0.8807051744665264
    },
    "USA": {
      "att": 2.0610684534721075,
      "def": 0.9120872916184649
    },
    "Mexico": {
      "att": 1.893306371117581,
      "def": 0.668096187397987
    },
    "Ecuador": {
      "att": 2.1949631440774264,
      "def": 0.7626312147955578
    },
    "Austria": {
      "att": 1.8224672268907565,
      "def": 0.8930536082474229
    },
    "South Korea": {
      "att": 1.9465340006200453,
      "def": 0.9172940636261208
    },
    "Algeria": {
      "att": 2.1185107134672005,
      "def": 0.8758709093480415
    },
    "Egypt": {
      "att": 1.8299437968743921,
      "def": 0.9026359493803183
    },
    "Czechia": {
      "att": 1.7977913177988916,
      "def": 1.2974831957999073
    },
    "Iran": {
      "att": 1.7601179846955837,
      "def": 1.225290731731042
    },
    "Scotland": {
      "att": 1.4285573121246553,
      "def": 0.9304045423999546
    },
    "Cote d'Ivoire": {
      "att": 2.1015409379623784,
      "def": 0.8455000000000001
    },
    "Canada": {
      "att": 2.02130465138517,
      "def": 0.6404518272425249
    },
    "Paraguay": {
      "att": 1.492690766929919,
      "def": 1.0410712041884818
    },
    "Australia": {
      "att": 1.5810425681291012,
      "def": 1.0061128078855341
    },
    "Ghana": {
      "att": 1.121617135912184,
      "def": 1.1137468926553673
    },
    "Bosnia": {
      "att": 1.5058680588514477,
      "def": 1.2915068633941722
    },
    "DR Congo": {
      "att": 1.407896103896104,
      "def": 0.7770000000000001
    },
    "Tunisia": {
      "att": 1.146666774232496,
      "def": 1.1431933104560177
    },
    "Qatar": {
      "att": 1,
      "def": 1.7
    },
    "South Africa": {
      "att": 1.4609024535495712,
      "def": 1.079656378345025
    },
    "Uzbekistan": {
      "att": 1.4428418908684153,
      "def": 1.1162295152295154
    },
    "Panama": {
      "att": 1.5553047040707606,
      "def": 0.8691535261923379
    },
    "Saudi Arabia": {
      "att": 1.2577467798216995,
      "def": 1.5571311258278147
    },
    "Iraq": {
      "att": 1.0682115456238364,
      "def": 1.0971333333333335
    },
    "Jordan": {
      "att": 1.8650909565444347,
      "def": 1.3270638218923936
    },
    "Cape Verde": {
      "att": 1.5281358914204295,
      "def": 1.190870354070021
    },
    "New Zealand": {
      "att": 2.282997414119497,
      "def": 1.3834314496706923
    },
    "Curacao": {
      "att": 1.6629246081792108,
      "def": 1.7
    },
    "Haiti": {
      "att": 1.706384056471088,
      "def": 1.0561910614525138
    }
  },
  "changes": [
    {
      "team": "Spain",
      "att": [
        2.4,
        2.597
      ],
      "def": [
        0.61,
        0.555
      ]
    },
    {
      "team": "Argentina",
      "att": [
        2.4,
        2.6
      ],
      "def": [
        0.5,
        0.46
      ]
    },
    {
      "team": "France",
      "att": [
        2.4,
        2.6
      ],
      "def": [
        0.75,
        0.603
      ]
    },
    {
      "team": "Brazil",
      "att": [
        2.35,
        2.465
      ],
      "def": [
        0.71,
        0.778
      ]
    },
    {
      "team": "England",
      "att": [
        2.26,
        2.455
      ],
      "def": [
        0.5,
        0.571
      ]
    },
    {
      "team": "Portugal",
      "att": [
        2.4,
        2.558
      ],
      "def": [
        0.77,
        0.781
      ]
    },
    {
      "team": "Netherlands",
      "att": [
        2.37,
        2.6
      ],
      "def": [
        0.82,
        0.985
      ]
    },
    {
      "team": "Germany",
      "att": [
        2.4,
        2.6
      ],
      "def": [
        0.79,
        0.743
      ]
    },
    {
      "team": "Belgium",
      "att": [
        2.28,
        2.497
      ],
      "def": [
        0.89,
        0.944
      ]
    },
    {
      "team": "Croatia",
      "att": [
        2.06,
        2.258
      ],
      "def": [
        0.84,
        0.988
      ]
    },
    {
      "team": "Uruguay",
      "att": [
        1.51,
        1.956
      ],
      "def": [
        0.74,
        0.987
      ]
    },
    {
      "team": "Colombia",
      "att": [
        2.34,
        2.378
      ],
      "def": [
        0.76,
        0.772
      ]
    },
    {
      "team": "Morocco",
      "att": [
        1.99,
        1.986
      ],
      "def": [
        0.55,
        0.563
      ]
    },
    {
      "team": "Switzerland",
      "att": [
        2.24,
        2.32
      ],
      "def": [
        0.91,
        0.944
      ]
    },
    {
      "team": "Japan",
      "att": [
        2.21,
        2.135
      ],
      "def": [
        0.58,
        0.565
      ]
    },
    {
      "team": "Senegal",
      "att": [
        2.04,
        2.117
      ],
      "def": [
        0.76,
        0.973
      ]
    },
    {
      "team": "Turkey",
      "att": [
        2.09,
        2.6
      ],
      "def": [
        0.88,
        0.889
      ]
    },
    {
      "team": "Sweden",
      "att": [
        1.91,
        2.6
      ],
      "def": [
        1.17,
        1.084
      ]
    },
    {
      "team": "Norway",
      "att": [
        2.4,
        2.585
      ],
      "def": [
        0.78,
        0.881
      ]
    },
    {
      "team": "USA",
      "att": [
        1.91,
        2.061
      ],
      "def": [
        1.12,
        0.912
      ]
    },
    {
      "team": "Mexico",
      "att": [
        1.76,
        1.893
      ],
      "def": [
        0.69,
        0.668
      ]
    },
    {
      "team": "Ecuador",
      "att": [
        1.6,
        2.195
      ],
      "def": [
        0.51,
        0.763
      ]
    },
    {
      "team": "Austria",
      "att": [
        1.96,
        1.822
      ],
      "def": [
        0.79,
        0.893
      ]
    },
    {
      "team": "South Korea",
      "att": [
        1.77,
        1.947
      ],
      "def": [
        0.88,
        0.917
      ]
    },
    {
      "team": "Algeria",
      "att": [
        1.92,
        2.119
      ],
      "def": [
        0.78,
        0.876
      ]
    },
    {
      "team": "Egypt",
      "att": [
        1.38,
        1.83
      ],