{
  "_note": "xG-v2：team-xg.json 起点 + 已完赛 shot-based xG（0.30·射正+0.05·射偏）EWMA(K=0.2) 滚动更新 att/def。仅参赛且有射门数据的队变动；其余沿用基础值。",
  "_source": "ESPN 射门统计（data/wc-results.json stats）",
  "builtAt": "2026-07-02T13:02:32.269Z",
  "applied": 72,
  "skipped": 0,
  "teams": {
    "Spain": {
      "att": 2.2224936261372474,
      "def": 0.5100819990027712
    },
    "Argentina": {
      "att": 2.3934739966061196,
      "def": 0.45
    },
    "France": {
      "att": 2.6,
      "def": 0.6335868677646469
    },
    "Brazil": {
      "att": 2.6,
      "def": 0.9774180825101662
    },
    "England": {
      "att": 2.6,
      "def": 0.6493348113797823
    },
    "Portugal": {
      "att": 2.4567580589194664,
      "def": 0.8945336524197846
    },
    "Netherlands": {
      "att": 2.6,
      "def": 1.127758104749483
    },
    "Germany": {
      "att": 2.523202420045984,
      "def": 0.7243333984372312
    },
    "Belgium": {
      "att": 2.6,
      "def": 0.8461612835805269
    },
    "Croatia": {
      "att": 2.1329130237664375,
      "def": 0.9180956760935555
    },
    "Uruguay": {
      "att": 1.798964739892955,
      "def": 0.8447238020658996
    },
    "Colombia": {
      "att": 2.6,
      "def": 0.6993950890423966
    },
    "Morocco": {
      "att": 2.5364959127071245,
      "def": 0.595524046452001
    },
    "Switzerland": {
      "att": 2.3838480500178534,
      "def": 1.0636923401098024
    },
    "Japan": {
      "att": 1.984129432667999,
      "def": 0.6323915624805471
    },
    "Senegal": {
      "att": 2.6,
      "def": 0.9122625830990865
    },
    "Turkey": {
      "att": 2.4220725218595773,
      "def": 1.0454527856887794
    },
    "Sweden": {
      "att": 2.6,
      "def": 1.0072212800325202
    },
    "Norway": {
      "att": 2.6,
      "def": 1.0195641395732211
    },
    "USA": {
      "att": 2.423926310131307,
      "def": 0.849669833294772
    },
    "Mexico": {
      "att": 1.8753434099935842,
      "def": 0.6646366618289443
    },
    "Ecuador": {
      "att": 2.141132951836291,
      "def": 0.7401049718364463
    },
    "Austria": {
      "att": 1.8290330284076932,
      "def": 0.9414891776279162
    },
    "South Korea": {
      "att": 1.8341671658379064,
      "def": 1.0274893541968793
    },
    "Algeria": {
      "att": 2.2334100562365884,
      "def": 0.8790264089149935
    },
    "Egypt": {
      "att": 1.7822468435992984,
      "def": 0.9658424203896052
    },
    "Czechia": {
      "att": 1.7884820219983104,
      "def": 1.2851731753189455
    },
    "Iran": {
      "att": 1.883369054464035,
      "def": 1.1933538848838312
    },
    "Scotland": {
      "att": 1.7943968590184498,
      "def": 1.092382168276051
    },
    "Cote d'Ivoire": {
      "att": 1.8494680444875498,
      "def": 0.8405685970952806
    },
    "Canada": {
      "att": 2.278252557757206,
      "def": 0.6580436105128353
    },
    "Paraguay": {
      "att": 1.4138098908073644,
      "def": 1.1370865961867838
    },
    "Australia": {
      "att": 1.72685816780583,
      "def": 0.9529450242277282
    },
    "Ghana": {
      "att": 1.041993718549544,
      "def": 1.052229939486236
    },
    "Bosnia": {
      "att": 1.5029297411988054,
      "def": 1.345205490715338
    },
    "DR Congo": {
      "att": 1.516995382962356,
      "def": 0.8536856077655519
    },
    "Tunisia": {
      "att": 1.3134525400185297,
      "def": 1.1895546483648143
    },
    "Qatar": {
      "att": 1.0415782748378448,
      "def": 1.696682883350815
    },
    "South Africa": {
      "att": 1.6364018672578067,
      "def": 1.017331461416611
    },
    "Uzbekistan": {
      "att": 1.2607210560139774,
      "def": 1.2746214431050866
    },
    "Panama": {
      "att": 1.7675548161439907,
      "def": 0.9442354343543528
    },
    "Saudi Arabia": {
      "att": 1.2463579073411761,
      "def": 1.4583823214496836
    },
    "Iraq": {
      "att": 1.0015385151281921,
      "def": 1.4182159318715823
    },
    "Jordan": {
      "att": 1.774681190113018,
      "def": 1.2216510575139148
    },
    "Cape Verde": {
      "att": 1.4312258819150623,
      "def": 1.180087046316085
    },
    "New Zealand": {
      "att": 2.0467798148643217,
      "def": 1.5493574108844472
    },
    "Curacao": {
      "att": 1.65322555289464,
      "def": 1.4960906156209839
    },
    "Haiti": {
      "att": 1.8034648542032032,
      "def": 1.3489966802096414
    }
  },
  "changes": [
    {
      "team": "Spain",
      "att": [
        2.4,
        2.222
      ],
      "def": [
        0.61,
        0.51
      ]
    },
    {
      "team": "Argentina",
      "att": [
        2.4,
        2.393
      ],
      "def": [
        0.5,
        0.45
      ]
    },
    {
      "team": "France",
      "att": [
        2.4,
        2.6
      ],
      "def": [
        0.75,
        0.634
      ]
    },
    {
      "team": "Brazil",
      "att": [
        2.35,
        2.6
      ],
      "def": [
        0.71,
        0.977
      ]
    },
    {
      "team": "England",
      "att": [
        2.26,
        2.6
      ],
      "def": [
        0.5,
        0.649
      ]
    },
    {
      "team": "Portugal",
      "att": [
        2.4,
        2.457
      ],
      "def": [
        0.77,
        0.895
      ]
    },
    {
      "team": "Netherlands",
      "att": [
        2.37,
        2.6
      ],
      "def": [
        0.82,
        1.128
      ]
    },
    {
      "team": "Germany",
      "att": [
        2.4,
        2.523
      ],
      "def": [
        0.79,
        0.724
      ]
    },
    {
      "team": "Belgium",
      "att": [
        2.28,
        2.6
      ],
      "def": [
        0.89,
        0.846
      ]
    },
    {
      "team": "Croatia",
      "att": [
        2.06,
        2.133
      ],
      "def": [
        0.84,
        0.918
      ]
    },
    {
      "team": "Uruguay",
      "att": [
        1.51,
        1.799
      ],
      "def": [
        0.74,
        0.845
      ]
    },
    {
      "team": "Colombia",
      "att": [
        2.34,
        2.6
      ],
      "def": [
        0.76,
        0.699
      ]
    },
    {
      "team": "Morocco",
      "att": [
        1.99,
        2.536
      ],
      "def": [
        0.55,
        0.596
      ]
    },
    {
      "team": "Switzerland",
      "att": [
        2.24,
        2.384
      ],
      "def": [
        0.91,
        1.064
      ]
    },
    {
      "team": "Japan",
      "att": [
        2.21,
        1.984
      ],
      "def": [
        0.58,
        0.632
      ]
    },
    {
      "team": "Senegal",
      "att": [
        2.04,
        2.6
      ],
      "def": [
        0.76,
        0.912
      ]
    },
    {
      "team": "Turkey",
      "att": [
        2.09,
        2.422
      ],
      "def": [
        0.88,
        1.045
      ]
    },
    {
      "team": "Sweden",
      "att": [
        1.91,
        2.6
      ],
      "def": [
        1.17,
        1.007
      ]
    },
    {
      "team": "Norway",
      "att": [
        2.4,
        2.6
      ],
      "def": [
        0.78,
        1.02
      ]
    },
    {
      "team": "USA",
      "att": [
        1.91,
        2.424
      ],
      "def": [
        1.12,
        0.85
      ]
    },
    {
      "team": "Mexico",
      "att": [
        1.76,
        1.875
      ],
      "def": [
        0.69,
        0.665
      ]
    },
    {
      "team": "Ecuador",
      "att": [
        1.6,
        2.141
      ],
      "def": [
        0.51,
        0.74
      ]
    },
    {
      "team": "Austria",
      "att": [
        1.96,
        1.829
      ],
      "def": [
        0.79,
        0.941
      ]
    },
    {
      "team": "South Korea",
      "att": [
        1.77,
        1.834
      ],
      "def": [
        0.88,
        1.027
      ]
    },
    {
      "team": "Algeria",
      "att": [
        1.92,
        2.233
      ],
      "def": [
        0.78,
        0.879
      ]
    },
    {
      "team": "Egypt",
      "att": [
        1.38,
        1.782
      ],