{
  "_note": "xG-v2：team-xg.json 起点 + 已完赛 shot-based xG（0.30·射正+0.05·射偏）EWMA(K=0.2) 滚动更新 att/def。仅参赛且有射门数据的队变动；其余沿用基础值。",
  "_source": "ESPN 射门统计（data/wc-results.json stats）",
  "builtAt": "2026-06-20T21:46:47.406Z",
  "applied": 33,
  "skipped": 0,
  "teams": {
    "Spain": {
      "att": 2.6,
      "def": 0.5971603053435115
    },
    "Argentina": {
      "att": 2.586666666666667,
      "def": 0.48125000000000007
    },
    "France": {
      "att": 2.6,
      "def": 0.7019607843137254
    },
    "Brazil": {
      "att": 2.4651026057651806,
      "def": 0.7781432194082998
    },
    "England": {
      "att": 2.6,
      "def": 0.620873786407767
    },
    "Portugal": {
      "att": 2.0952808988764047,
      "def": 0.7855652173913045
    },
    "Netherlands": {
      "att": 2.6,
      "def": 0.9845523219814242
    },
    "Germany": {
      "att": 2.6,
      "def": 0.7901081081081083
    },
    "Belgium": {
      "att": 2.2774883720930235,
      "def": 0.9851884057971015
    },
    "Croatia": {
      "att": 2.5580000000000003,
      "def": 1.1149203539823007
    },
    "Uruguay": {
      "att": 2.10175,
      "def": 0.8283636363636364
    },
    "Colombia": {
      "att": 2.377555555555556,
      "def": 0.7716363636363638
    },
    "Morocco": {
      "att": 1.9859384012685384,
      "def": 0.563466893043397
    },
    "Switzerland": {
      "att": 2.3201195408806186,
      "def": 0.9437260445010992
    },
    "Japan": {
      "att": 2.164341463414634,
      "def": 0.6834092827004219
    },
    "Senegal": {
      "att": 1.9093333333333333,
      "def": 0.8842500000000001
    },
    "Turkey": {
      "att": 2.6,
      "def": 0.8889501909243083
    },
    "Sweden": {
      "att": 2.6,
      "def": 1.083998675496689
    },
    "Norway": {
      "att": 2.349464285714286,
      "def": 0.7944918032786886
    },
    "USA": {
      "att": 2.0610684534721075,
      "def": 0.9120872916184649
    },
    "Mexico": {
      "att": 1.893306371117581,
      "def": 0.668096187397987
    },
    "Ecuador": {
      "att": 1.5746666666666669,
      "def": 0.6788333333333334
    },
    "Austria": {
      "att": 1.9066554621848741,
      "def": 0.8838750000000001
    },
    "South Korea": {
      "att": 1.9465340006200453,
      "def": 0.9172940636261208
    },
    "Algeria": {
      "att": 1.848,
      "def": 0.8406666666666668
    },
    "Egypt": {
      "att": 1.5275955056179775,
      "def": 0.8590526315789475
    },
    "Czechia": {
      "att": 1.7977913177988916,
      "def": 1.2974831957999073
    },
    "Iran": {
      "att": 1.8372727272727276,
      "def": 1.1177803468208094
    },
    "Scotland": {
      "att": 1.4285573121246553,
      "def": 0.9304045423999546
    },
    "Cote d'Ivoire": {
      "att": 2.2361568627450983,
      "def": 0.738125
    },
    "Canada": {
      "att": 2.02130465138517,
      "def": 0.6404518272425249
    },
    "Paraguay": {
      "att": 1.492690766929919,
      "def": 1.0410712041884818
    },
    "Australia": {
      "att": 1.5810425681291012,
      "def": 1.0061128078855341
    },
    "Ghana": {
      "att": 1.218811881188119,
      "def": 1.1796836158192092
    },
    "Bosnia": {
      "att": 1.5058680588514477,
      "def": 1.2915068633941722
    },
    "DR Congo": {
      "att": 1.407896103896104,
      "def": 0.7770000000000001
    },
    "Tunisia": {
      "att": 1.385777777777778,
      "def": 1.1587015706806285
    },
    "Qatar": {
      "att": 1,
      "def": 1.7
    },
    "South Africa": {
      "att": 1.4609024535495712,
      "def": 1.079656378345025
    },
    "Uzbekistan": {
      "att": 1.4518947368421053,
      "def": 0.9144444444444446
    },
    "Panama": {
      "att": 1.7546554621848742,
      "def": 0.9848000000000001
    },
    "Saudi Arabia": {
      "att": 1.3544864864864865,
      "def": 1.5589139072847682
    },
    "Iraq": {
      "att": 1.2426666666666668,
      "def": 1.0964166666666668
    },
    "Jordan": {
      "att": 1.7901265822784813,
      "def": 1.1576122448979593
    },
    "Cape Verde": {
      "att": 1.282426229508197,
      "def": 1.2798333333333332
    },
    "New Zealand": {
      "att": 2.1727640449438206,
      "def": 1.1548571428571432
    },
    "Curacao": {
      "att": 1.4802025316455698,
      "def": 1.4178333333333335
    },
    "Haiti": {
      "att": 1.706384056471088,
      "def": 1.0561910614525138
    }
  },
  "changes": [
    {
      "team": "Spain",
      "att": [
        2.4,
        2.6
      ],
      "def": [
        0.61,
        0.597
      ]
    },
    {
      "team": "Argentina",
      "att": [
        2.4,
        2.587
      ],
      "def": [
        0.5,
        0.481
      ]
    },
    {
      "team": "France",
      "att": [
        2.4,
        2.6
      ],
      "def": [
        0.75,
        0.702
      ]
    },
    {
      "team": "Brazil",
      "att": [
        2.35,
        2.465
      ],
      "def": [
        0.71,
        0.778
      ]
    },
    {
      "team": "England",
      "att": [
        2.26,
        2.6
      ],
      "def": [
        0.5,
        0.621
      ]
    },
    {
      "team": "Portugal",
      "att": [
        2.4,
        2.095
      ],
      "def": [
        0.77,
        0.786
      ]
    },
    {
      "team": "Netherlands",
      "att": [
        2.37,
        2.6
      ],
      "def": [
        0.82,
        0.985
      ]
    },
    {
      "team": "Germany",
      "att": [
        2.4,
        2.6
      ],
      "def": [
        0.79,
        0.79
      ]
    },
    {
      "team": "Belgium",
      "att": [
        2.28,
        2.277
      ],
      "def": [
        0.89,
        0.985
      ]
    },
    {
      "team": "Croatia",
      "att": [
        2.06,
        2.558
      ],
      "def": [
        0.84,
        1.115
      ]
    },
    {
      "team": "Uruguay",
      "att": [
        1.51,
        2.102
      ],
      "def": [
        0.74,
        0.828
      ]
    },
    {
      "team": "Colombia",
      "att": [
        2.34,
        2.378
      ],
      "def": [
        0.76,
        0.772
      ]
    },
    {
      "team": "Morocco",
      "att": [
        1.99,
        1.986
      ],
      "def": [
        0.55,
        0.563
      ]
    },
    {
      "team": "Switzerland",
      "att": [
        2.24,
        2.32
      ],
      "def": [
        0.91,
        0.944
      ]
    },
    {
      "team": "Japan",
      "att": [
        2.21,
        2.164
      ],
      "def": [
        0.58,
        0.683
      ]
    },
    {
      "team": "Senegal",
      "att": [
        2.04,
        1.909
      ],
      "def": [
        0.76,
        0.884
      ]
    },
    {
      "team": "Turkey",
      "att": [
        2.09,
        2.6
      ],
      "def": [
        0.88,
        0.889
      ]
    },
    {
      "team": "Sweden",
      "att": [
        1.91,
        2.6
      ],
      "def": [
        1.17,
        1.084
      ]
    },
    {
      "team": "Norway",
      "att": [
        2.4,
        2.349
      ],
      "def": [
        0.78,
        0.794
      ]
    },
    {
      "team": "USA",
      "att": [
        1.91,
        2.061
      ],
      "def": [
        1.12,
        0.912
      ]
    },
    {
      "team": "Mexico",
      "att": [
        1.76,
        1.893
      ],
      "def": [
        0.69,
        0.668
      ]
    },
    {
      "team": "Ecuador",
      "att": [
        1.6,
        1.575
      ],
      "def": [
        0.51,
        0.679
      ]
    },
    {
      "team": "Austria",
      "att": [
        1.96,
        1.907
      ],
      "def": [
        0.79,
        0.884
      ]
    },
    {
      "team": "South Korea",
      "att": [
        1.77,
        1.947
      ],
      "def": [
        0.88,
        0.917
      ]
    },
    {
      "team": "Algeria",
      "att": [
        1.92,
        1.848
      ],
      "def": [
        0.78,
        0.841
      ]
    },
    {
      "team": "Egypt",
      "att": [
        1.38,
        1.528
      ],