{
  "_note": "xG-v2：team-xg.json 起点 + 已完赛 shot-based xG（0.30·射正+0.05·射偏）EWMA(K=0.2) 滚动更新 att/def。仅参赛且有射门数据的队变动；其余沿用基础值。",
  "_source": "ESPN 射门统计（data/wc-results.json stats）",
  "builtAt": "2026-06-17T19:51:34.223Z",
  "applied": 21,
  "skipped": 0,
  "teams": {
    "Spain": {
      "att": 2.6,
      "def": 0.5971603053435115
    },
    "Argentina": {
      "att": 2.586666666666667,
      "def": 0.48125000000000007
    },
    "France": {
      "att": 2.6,
      "def": 0.7019607843137254
    },
    "Brazil": {
      "att": 2.6,
      "def": 0.7574472361809045
    },
    "England": {
      "att": 2.26,
      "def": 0.5
    },
    "Portugal": {
      "att": 2.0952808988764047,
      "def": 0.7855652173913045
    },
    "Netherlands": {
      "att": 2.6,
      "def": 0.8030588235294117
    },
    "Germany": {
      "att": 2.6,
      "def": 0.7901081081081083
    },
    "Belgium": {
      "att": 2.2774883720930235,
      "def": 0.9851884057971015
    },
    "Croatia": {
      "att": 2.06,
      "def": 0.84
    },
    "Uruguay": {
      "att": 2.10175,
      "def": 0.8283636363636364
    },
    "Colombia": {
      "att": 2.34,
      "def": 0.76
    },
    "Morocco": {
      "att": 2.122985915492958,
      "def": 0.6446808510638298
    },
    "Switzerland": {
      "att": 2.2876250000000007,
      "def": 0.9695929203539824
    },
    "Japan": {
      "att": 2.164341463414634,
      "def": 0.6834092827004219
    },
    "Senegal": {
      "att": 1.9093333333333333,
      "def": 0.8842500000000001
    },
    "Turkey": {
      "att": 2.6,
      "def": 0.9352883435582824
    },
    "Sweden": {
      "att": 2.128,
      "def": 1.073748344370861
    },
    "Norway": {
      "att": 2.349464285714286,
      "def": 0.7944918032786886
    },
    "USA": {
      "att": 2.2849620253164558,
      "def": 0.999409090909091
    },
    "Mexico": {
      "att": 1.862368932038835,
      "def": 0.6790676691729324
    },
    "Ecuador": {
      "att": 1.5746666666666669,
      "def": 0.6788333333333334
    },
    "Austria": {
      "att": 1.9066554621848741,
      "def": 0.8838750000000001
    },
    "South Korea": {
      "att": 1.9785000000000001,
      "def": 0.9023050847457629
    },
    "Algeria": {
      "att": 1.848,
      "def": 0.8406666666666668
    },
    "Egypt": {
      "att": 1.5275955056179775,
      "def": 0.8590526315789475
    },
    "Czechia": {
      "att": 1.8148636363636366,
      "def": 1.1625084745762713
    },
    "Iran": {
      "att": 1.8372727272727276,
      "def": 1.1177803468208094
    },
    "Scotland": {
      "att": 1.6344590163934427,
      "def": 0.9946107784431139
    },
    "Cote d'Ivoire": {
      "att": 2.2361568627450983,
      "def": 0.738125
    },
    "Canada": {
      "att": 1.71115625,
      "def": 0.7735714285714286
    },
    "Paraguay": {
      "att": 1.5705,
      "def": 0.9450890052356021
    },
    "Australia": {
      "att": 1.732409090909091,
      "def": 1.1154066985645936
    },
    "Ghana": {
      "att": 1.25,
      "def": 1.19
    },
    "Bosnia": {
      "att": 1.5471428571428572,
      "def": 1.2734186046511629
    },
    "DR Congo": {
      "att": 1.407896103896104,
      "def": 0.7770000000000001
    },
    "Tunisia": {
      "att": 1.385777777777778,
      "def": 1.1587015706806285
    },
    "Qatar": {
      "att": 1.204,
      "def": 1.6340178571428574
    },
    "South Africa": {
      "att": 1.3089275362318842,
      "def": 1.089909090909091
    },
    "Uzbekistan": {
      "att": 1.43,
      "def": 0.9
    },
    "Panama": {
      "att": 1.77,
      "def": 1.01
    },
    "Saudi Arabia": {
      "att": 1.3544864864864865,
      "def": 1.5589139072847682
    },
    "Iraq": {
      "att": 1.2426666666666668,
      "def": 1.0964166666666668
    },
    "Jordan": {
      "att": 1.7901265822784813,
      "def": 1.1576122448979593
    },
    "Cape Verde": {
      "att": 1.282426229508197,
      "def": 1.2798333333333332
    },
    "New Zealand": {
      "att": 2.1727640449438206,
      "def": 1.1548571428571432
    },
    "Curacao": {
      "att": 1.4802025316455698,
      "def": 1.4178333333333335
    },
    "Haiti": {
      "att": 1.661,
      "def": 1.1139888268156424
    }
  },
  "changes": [
    {
      "team": "Spain",
      "att": [
        2.4,
        2.6
      ],
      "def": [
        0.61,
        0.597
      ]
    },
    {
      "team": "Argentina",
      "att": [
        2.4,
        2.587
      ],
      "def": [
        0.5,
        0.481
      ]
    },
    {
      "team": "France",
      "att": [
        2.4,
        2.6
      ],
      "def": [
        0.75,
        0.702
      ]
    },
    {
      "team": "Brazil",
      "att": [
        2.35,
        2.6
      ],
      "def": [
        0.71,
        0.757
      ]
    },
    {
      "team": "Portugal",
      "att": [
        2.4,
        2.095
      ],
      "def": [
        0.77,
        0.786
      ]
    },
    {
      "team": "Netherlands",
      "att": [
        2.37,
        2.6
      ],
      "def": [
        0.82,
        0.803
      ]
    },
    {
      "team": "Germany",
      "att": [
        2.4,
        2.6
      ],
      "def": [
        0.79,
        0.79
      ]
    },
    {
      "team": "Belgium",
      "att": [
        2.28,
        2.277
      ],
      "def": [
        0.89,
        0.985
      ]
    },
    {
      "team": "Uruguay",
      "att": [
        1.51,
        2.102
      ],
      "def": [
        0.74,
        0.828
      ]
    },
    {
      "team": "Morocco",
      "att": [
        1.99,
        2.123
      ],
      "def": [
        0.55,
        0.645
      ]
    },
    {
      "team": "Switzerland",
      "att": [
        2.24,
        2.288
      ],
      "def": [
        0.91,
        0.97
      ]
    },
    {
      "team": "Japan",
      "att": [
        2.21,
        2.164
      ],
      "def": [
        0.58,
        0.683
      ]
    },
    {
      "team": "Senegal",
      "att": [
        2.04,
        1.909
      ],
      "def": [
        0.76,
        0.884
      ]
    },
    {
      "team": "Turkey",
      "att": [
        2.09,
        2.6
      ],
      "def": [
        0.88,
        0.935
      ]
    },
    {
      "team": "Sweden",
      "att": [
        1.91,
        2.128
      ],
      "def": [
        1.17,
        1.074
      ]
    },
    {
      "team": "Norway",
      "att": [
        2.4,
        2.349
      ],
      "def": [
        0.78,
        0.794
      ]
    },
    {
      "team": "USA",
      "att": [
        1.91,
        2.285
      ],
      "def": [
        1.12,
        0.999
      ]
    },
    {
      "team": "Mexico",
      "att": [
        1.76,
        1.862
      ],
      "def": [
        0.69,
        0.679
      ]
    },
    {
      "team": "Ecuador",
      "att": [
        1.6,
        1.575
      ],
      "def": [
        0.51,
        0.679
      ]
    },
    {
      "team": "Austria",
      "att": [
        1.96,
        1.907
      ],
      "def": [
        0.79,
        0.884
      ]
    },
    {
      "team": "South Korea",
      "att": [
        1.77,
        1.979
      ],
      "def": [
        0.88,
        0.902
      ]
    },
    {
      "team": "Algeria",
      "att": [
        1.92,
        1.848
      ],
      "def": [
        0.78,
        0.841
      ]
    },
    {
      "team": "Egypt",
      "att": [
        1.38,
        1.528
      ],
      "def": [
        0.86,
        0.859
      ]
    },
    {
      "team": "Czechia",
      "att": [
        1.77,
        1.815
      ],
      "def": [
        1.04,
        1.163
      ]
    },
    {
      "team": "Iran",
      "att": [
        1.75,
        1.837
      ],
      "def": [
        0.89,
        1.118
      ]
    },
    {
      "team": "Scotland",
      "att": [
        1.79,
        1.634
      ],
      "def": [
        1,
        0.995
      ]
    },
    {
      "team": "Cote d'Ivoire",
      "att": [
        1.68,
        2.236
      ],