{
  "_note": "xG-v2：team-xg.json 起点 + 已完赛 shot-based xG（0.30·射正+0.05·射偏）EWMA(K=0.2) 滚动更新 att/def。仅参赛且有射门数据的队变动；其余沿用基础值。",
  "_source": "ESPN 射门统计（data/wc-results.json stats）",
  "builtAt": "2026-06-26T12:02:11.929Z",
  "applied": 60,
  "skipped": 0,
  "teams": {
    "Spain": {
      "att": 2.5970266274703055,
      "def": 0.5545101103455252
    },
    "Argentina": {
      "att": 2.6,
      "def": 0.4600004407383249
    },
    "France": {
      "att": 2.6,
      "def": 0.6034141210132121
    },
    "Brazil": {
      "att": 2.6,
      "def": 0.9774180825101662
    },
    "England": {
      "att": 2.4546767303308368,
      "def": 0.5713619048370179
    },
    "Portugal": {
      "att": 2.5576341966223874,
      "def": 0.7806670655247308
    },
    "Netherlands": {
      "att": 2.6,
      "def": 1.127758104749483
    },
    "Germany": {
      "att": 2.523202420045984,
      "def": 0.7243333984372312
    },
    "Belgium": {
      "att": 2.4965418312173613,
      "def": 0.9438162367603927
    },
    "Croatia": {
      "att": 2.2576103980503657,
      "def": 0.988251487875406
    },
    "Uruguay": {
      "att": 1.9556544602161743,
      "def": 0.9870760397346684
    },
    "Colombia": {
      "att": 2.6,
      "def": 0.7281127216374507
    },
    "Morocco": {
      "att": 2.5364959127071245,
      "def": 0.595524046452001
    },
    "Switzerland": {
      "att": 2.3838480500178534,
      "def": 1.0636923401098024
    },
    "Japan": {
      "att": 1.984129432667999,
      "def": 0.6323915624805471
    },
    "Senegal": {
      "att": 2.116522460658083,
      "def": 0.9729924602872997
    },
    "Turkey": {
      "att": 2.4220725218595773,
      "def": 1.0454527856887794
    },
    "Sweden": {
      "att": 2.6,
      "def": 1.0072212800325202
    },
    "Norway": {
      "att": 2.585254210590089,
      "def": 0.8807051744665264
    },
    "USA": {
      "att": 2.423926310131307,
      "def": 0.849669833294772
    },
    "Mexico": {
      "att": 1.8753434099935842,
      "def": 0.6646366618289443
    },
    "Ecuador": {
      "att": 2.141132951836291,
      "def": 0.7401049718364463
    },
    "Austria": {
      "att": 1.8224672268907565,
      "def": 0.8930536082474229
    },
    "South Korea": {
      "att": 1.8341671658379064,
      "def": 1.0274893541968793
    },
    "Algeria": {
      "att": 2.1185107134672005,
      "def": 0.8758709093480415
    },
    "Egypt": {
      "att": 1.8299437968743921,
      "def": 0.9026359493803183
    },
    "Czechia": {
      "att": 1.7884820219983104,
      "def": 1.2851731753189455
    },
    "Iran": {
      "att": 1.7601179846955837,
      "def": 1.225290731731042
    },
    "Scotland": {
      "att": 1.7943968590184498,
      "def": 1.092382168276051
    },
    "Cote d'Ivoire": {
      "att": 1.8494680444875498,
      "def": 0.8405685970952806
    },
    "Canada": {
      "att": 2.278252557757206,
      "def": 0.6580436105128353
    },
    "Paraguay": {
      "att": 1.4138098908073644,
      "def": 1.1370865961867838
    },
    "Australia": {
      "att": 1.72685816780583,
      "def": 0.9529450242277282
    },
    "Ghana": {
      "att": 1.121617135912184,
      "def": 1.1137468926553673
    },
    "Bosnia": {
      "att": 1.5029297411988054,
      "def": 1.345205490715338
    },
    "DR Congo": {
      "att": 1.3284846493751303,
      "def": 0.9770070473876065
    },
    "Tunisia": {
      "att": 1.3134525400185297,
      "def": 1.1895546483648143
    },
    "Qatar": {
      "att": 1.0415782748378448,
      "def": 1.696682883350815
    },
    "South Africa": {
      "att": 1.6364018672578067,
      "def": 1.017331461416611
    },
    "Uzbekistan": {
      "att": 1.4428418908684153,
      "def": 1.1162295152295154
    },
    "Panama": {
      "att": 1.5553047040707606,
      "def": 0.8691535261923379
    },
    "Saudi Arabia": {
      "att": 1.2577467798216995,
      "def": 1.5571311258278147
    },
    "Iraq": {
      "att": 1.0682115456238364,
      "def": 1.0971333333333335
    },
    "Jordan": {
      "att": 1.8650909565444347,
      "def": 1.3270638218923936
    },
    "Cape Verde": {
      "att": 1.5281358914204295,
      "def": 1.190870354070021
    },
    "New Zealand": {
      "att": 2.282997414119497,
      "def": 1.3834314496706923
    },
    "Curacao": {
      "att": 1.65322555289464,
      "def": 1.4960906156209839
    },
    "Haiti": {
      "att": 1.8034648542032032,
      "def": 1.3489966802096414
    }
  },
  "changes": [
    {
      "team": "Spain",
      "att": [
        2.4,
        2.597
      ],
      "def": [
        0.61,
        0.555
      ]
    },
    {
      "team": "Argentina",
      "att": [
        2.4,
        2.6
      ],
      "def": [
        0.5,
        0.46
      ]
    },
    {
      "team": "France",
      "att": [
        2.4,
        2.6
      ],
      "def": [
        0.75,
        0.603
      ]
    },
    {
      "team": "Brazil",
      "att": [
        2.35,
        2.6
      ],
      "def": [
        0.71,
        0.977
      ]
    },
    {
      "team": "England",
      "att": [
        2.26,
        2.455
      ],
      "def": [
        0.5,
        0.571
      ]
    },
    {
      "team": "Portugal",
      "att": [
        2.4,
        2.558
      ],
      "def": [
        0.77,
        0.781
      ]
    },
    {
      "team": "Netherlands",
      "att": [
        2.37,
        2.6
      ],
      "def": [
        0.82,
        1.128
      ]
    },
    {
      "team": "Germany",
      "att": [
        2.4,
        2.523
      ],
      "def": [
        0.79,
        0.724
      ]
    },
    {
      "team": "Belgium",
      "att": [
        2.28,
        2.497
      ],
      "def": [
        0.89,
        0.944
      ]
    },
    {
      "team": "Croatia",
      "att": [
        2.06,
        2.258
      ],
      "def": [
        0.84,
        0.988
      ]
    },
    {
      "team": "Uruguay",
      "att": [
        1.51,
        1.956
      ],
      "def": [
        0.74,
        0.987
      ]
    },
    {
      "team": "Colombia",
      "att": [
        2.34,
        2.6
      ],
      "def": [
        0.76,
        0.728
      ]
    },
    {
      "team": "Morocco",
      "att": [
        1.99,
        2.536
      ],
      "def": [
        0.55,
        0.596
      ]
    },
    {
      "team": "Switzerland",
      "att": [
        2.24,
        2.384
      ],
      "def": [
        0.91,
        1.064
      ]
    },
    {
      "team": "Japan",
      "att": [
        2.21,
        1.984
      ],
      "def": [
        0.58,
        0.632
      ]
    },
    {
      "team": "Senegal",
      "att": [
        2.04,
        2.117
      ],
      "def": [
        0.76,
        0.973
      ]
    },
    {
      "team": "Turkey",
      "att": [
        2.09,
        2.422
      ],
      "def": [
        0.88,
        1.045
      ]
    },
    {
      "team": "Sweden",
      "att": [
        1.91,
        2.6
      ],
      "def": [
        1.17,
        1.007
      ]
    },
    {
      "team": "Norway",
      "att": [
        2.4,
        2.585
      ],
      "def": [
        0.78,
        0.881
      ]
    },
    {
      "team": "USA",
      "att": [
        1.91,
        2.424
      ],
      "def": [
        1.12,
        0.85
      ]
    },
    {
      "team": "Mexico",
      "att": [
        1.76,
        1.875
      ],
      "def": [
        0.69,
        0.665
      ]
    },
    {
      "team": "Ecuador",
      "att": [
        1.6,
        2.141
      ],
      "def": [
        0.51,
        0.74
      ]
    },
    {
      "team": "Austria",
      "att": [
        1.96,
        1.822
      ],
      "def": [
        0.79,
        0.893
      ]
    },
    {
      "team": "South Korea",
      "att": [
        1.77,
        1.834
      ],
      "def": [
        0.88,
        1.027
      ]
    },
    {
      "team": "Algeria",
      "att": [
        1.92,
        2.119
      ],
      "def": [
        0.78,
        0.876
      ]
    },
    {
      "team": "Egypt",